,signal_id,SG_filter,feature_extraction,predict,target
0,0,5,STAT,1,1
1,0,10,STAT,0,1
2,0,50,STAT,0,1
3,0,100,STAT,1,1
4,0,5,WAWELET,1,1
5,0,10,WAWELET,1,1
6,0,50,WAWELET,0,1
7,0,100,WAWELET,1,1
8,0,5,ENCODER,1,1
9,0,10,ENCODER,0,1
10,0,50,ENCODER,1,1
11,0,100,ENCODER,1,1
12,1,5,STAT,0,1
13,1,10,STAT,0,1
14,1,50,STAT,1,1
15,1,100,STAT,0,1
16,1,5,WAWELET,0,1
17,1,10,WAWELET,1,1
18,1,50,WAWELET,1,1
19,1,100,WAWELET,1,1
20,1,5,ENCODER,1,1
21,1,10,ENCODER,0,1
22,1,50,ENCODER,0,1
23,1,100,ENCODER,0,1
24,2,5,STAT,1,1
25,2,10,STAT,0,1
26,2,50,STAT,1,1
27,2,100,STAT,0,1
28,2,5,WAWELET,0,1
29,2,10,WAWELET,0,1
30,2,50,WAWELET,0,1
31,2,100,WAWELET,0,1
32,2,5,ENCODER,1,1
33,2,10,ENCODER,1,1
34,2,50,ENCODER,1,1
35,2,100,ENCODER,1,1
36,3,5,STAT,1,1
37,3,10,STAT,0,1
38,3,50,STAT,1,1
39,3,100,STAT,0,1
40,3,5,WAWELET,0,1
41,3,10,WAWELET,0,1
42,3,50,WAWELET,0,1
43,3,100,WAWELET,1,1
44,3,5,ENCODER,0,1
45,3,10,ENCODER,0,1
46,3,50,ENCODER,1,1
47,3,100,ENCODER,0,1
48,4,5,STAT,0,0
49,4,10,STAT,0,0
50,4,50,STAT,0,0
51,4,100,STAT,1,0
52,4,5,WAWELET,0,0
53,4,10,WAWELET,0,0
54,4,50,WAWELET,1,0
55,4,100,WAWELET,1,0
56,4,5,ENCODER,0,0
57,4,10,ENCODER,0,0
58,4,50,ENCODER,0,0
59,4,100,ENCODER,1,0
60,5,5,STAT,0,1
61,5,10,STAT,0,1
62,5,50,STAT,0,1
63,5,100,STAT,0,1
64,5,5,WAWELET,1,1
65,5,10,WAWELET,0,1
66,5,50,WAWELET,0,1
67,5,100,WAWELET,1,1
68,5,5,ENCODER,1,1
69,5,10,ENCODER,1,1
70,5,50,ENCODER,0,1
71,5,100,ENCODER,1,1
72,6,5,STAT,1,0
73,6,10,STAT,1,0
74,6,50,STAT,0,0
75,6,100,STAT,1,0
76,6,5,WAWELET,0,0
77,6,10,WAWELET,1,0
78,6,50,WAWELET,0,0
79,6,100,WAWELET,0,0
80,6,5,ENCODER,0,0
81,6,10,ENCODER,1,0
82,6,50,ENCODER,1,0
83,6,100,ENCODER,1,0
84,7,5,STAT,1,1
85,7,10,STAT,0,1
86,7,50,STAT,0,1
87,7,100,STAT,0,1
88,7,5,WAWELET,0,1
89,7,10,WAWELET,0,1
90,7,50,WAWELET,0,1
91,7,100,WAWELET,1,1
92,7,5,ENCODER,0,1
93,7,10,ENCODER,1,1
94,7,50,ENCODER,0,1
95,7,100,ENCODER,1,1
96,8,5,STAT,0,1
97,8,10,STAT,1,1
98,8,50,STAT,0,1
99,8,100,STAT,1,1
100,8,5,WAWELET,1,1
101,8,10,WAWELET,0,1
102,8,50,WAWELET,1,1
103,8,100,WAWELET,0,1
104,8,5,ENCODER,0,1
105,8,10,ENCODER,0,1
106,8,50,ENCODER,1,1
107,8,100,ENCODER,0,1
108,9,5,STAT,0,1
109,9,10,STAT,1,1
110,9,50,STAT,0,1
111,9,100,STAT,0,1
112,9,5,WAWELET,0,1
113,9,10,WAWELET,0,1
114,9,50,WAWELET,1,1
115,9,100,WAWELET,1,1
116,9,5,ENCODER,0,1
117,9,10,ENCODER,1,1
118,9,50,ENCODER,1,1
119,9,100,ENCODER,0,1
120,10,5,STAT,0,0
121,10,10,STAT,1,0
122,10,50,STAT,1,0
123,10,100,STAT,1,0
124,10,5,WAWELET,1,0
125,10,10,WAWELET,0,0
126,10,50,WAWELET,1,0
127,10,100,WAWELET,1,0
128,10,5,ENCODER,1,0
129,10,10,ENCODER,1,0
130,10,50,ENCODER,1,0
131,10,100,ENCODER,0,0
132,11,5,STAT,1,1
133,11,10,STAT,0,1
134,11,50,STAT,1,1
135,11,100,STAT,0,1
136,11,5,WAWELET,1,1
137,11,10,WAWELET,1,1
138,11,50,WAWELET,0,1
139,11,100,WAWELET,0,1
140,11,5,ENCODER,1,1
141,11,10,ENCODER,0,1
142,11,50,ENCODER,1,1
143,11,100,ENCODER,0,1
144,12,5,STAT,0,0
145,12,10,STAT,0,0
146,12,50,STAT,1,0
147,12,100,STAT,0,0
148,12,5,WAWELET,0,0
149,12,10,WAWELET,0,0
150,12,50,WAWELET,1,0
151,12,100,WAWELET,0,0
152,12,5,ENCODER,0,0
153,12,10,ENCODER,0,0
154,12,50,ENCODER,1,0
155,12,100,ENCODER,1,0
156,13,5,STAT,0,1
157,13,10,STAT,0,1
158,13,50,STAT,1,1
159,13,100,STAT,0,1
160,13,5,WAWELET,0,1
161,13,10,WAWELET,1,1
162,13,50,WAWELET,0,1
163,13,100,WAWELET,0,1
164,13,5,ENCODER,1,1
165,13,10,ENCODER,0,1
166,13,50,ENCODER,0,1
167,13,100,ENCODER,1,1
168,14,5,STAT,1,0
169,14,10,STAT,0,0
170,14,50,STAT,1,0
171,14,100,STAT,1,0
172,14,5,WAWELET,0,0
173,14,10,WAWELET,0,0
174,14,50,WAWELET,1,0
175,14,100,WAWELET,0,0
176,14,5,ENCODER,1,0
177,14,10,ENCODER,1,0
178,14,50,ENCODER,0,0
179,14,100,ENCODER,0,0
180,15,5,STAT,0,0
181,15,10,STAT,0,0
182,15,50,STAT,0,0
183,15,100,STAT,1,0
184,15,5,WAWELET,0,0
185,15,10,WAWELET,1,0
186,15,50,WAWELET,0,0
187,15,100,WAWELET,0,0
188,15,5,ENCODER,1,0
189,15,10,ENCODER,0,0
190,15,50,ENCODER,0,0
191,15,100,ENCODER,1,0
192,16,5,STAT,0,1
193,16,10,STAT,0,1
194,16,50,STAT,0,1
195,16,100,STAT,0,1
196,16,5,WAWELET,1,1
197,16,10,WAWELET,0,1
198,16,50,WAWELET,0,1
199,16,100,WAWELET,1,1
200,16,5,ENCODER,0,1
201,16,10,ENCODER,1,1
202,16,50,ENCODER,1,1
203,16,100,ENCODER,0,1
204,17,5,STAT,0,0
205,17,10,STAT,0,0
206,17,50,STAT,1,0
207,17,100,STAT,0,0
208,17,5,WAWELET,1,0
209,17,10,WAWELET,0,0
210,17,50,WAWELET,1,0
211,17,100,WAWELET,0,0
212,17,5,ENCODER,0,0
213,17,10,ENCODER,0,0
214,17,50,ENCODER,1,0
215,17,100,ENCODER,1,0
216,18,5,STAT,1,1
217,18,10,STAT,0,1
218,18,50,STAT,0,1
219,18,100,STAT,0,1
220,18,5,WAWELET,1,1
221,18,10,WAWELET,0,1
222,18,50,WAWELET,0,1
223,18,100,WAWELET,0,1
224,18,5,ENCODER,0,1
225,18,10,ENCODER,1,1
226,18,50,ENCODER,0,1
227,18,100,ENCODER,1,1
228,19,5,STAT,0,0
229,19,10,STAT,0,0
230,19,50,STAT,0,0
231,19,100,STAT,0,0
232,19,5,WAWELET,1,0
233,19,10,WAWELET,1,0
234,19,50,WAWELET,0,0
235,19,100,WAWELET,0,0
236,19,5,ENCODER,0,0
237,19,10,ENCODER,1,0
238,19,50,ENCODER,1,0
239,19,100,ENCODER,1,0
240,20,5,STAT,0,1
241,20,10,STAT,1,1
242,20,50,STAT,1,1
243,20,100,STAT,1,1
244,20,5,WAWELET,0,1
245,20,10,WAWELET,1,1
246,20,50,WAWELET,0,1
247,20,100,WAWELET,0,1
248,20,5,ENCODER,0,1
249,20,10,ENCODER,1,1
250,20,50,ENCODER,0,1
251,20,100,ENCODER,1,1
252,21,5,STAT,1,1
253,21,10,STAT,1,1
254,21,50,STAT,0,1
255,21,100,STAT,1,1
256,21,5,WAWELET,1,1
257,21,10,WAWELET,0,1
258,21,50,WAWELET,0,1
259,21,100,WAWELET,0,1
260,21,5,ENCODER,0,1
261,21,10,ENCODER,1,1
262,21,50,ENCODER,1,1
263,21,100,ENCODER,1,1
264,22,5,STAT,0,1
265,22,10,STAT,1,1
266,22,50,STAT,1,1
267,22,100,STAT,1,1
268,22,5,WAWELET,1,1
269,22,10,WAWELET,0,1
270,22,50,WAWELET,0,1
271,22,100,WAWELET,1,1
272,22,5,ENCODER,0,1
273,22,10,ENCODER,0,1
274,22,50,ENCODER,1,1
275,22,100,ENCODER,1,1
276,23,5,STAT,1,1
277,23,10,STAT,1,1
278,23,50,STAT,0,1
279,23,100,STAT,1,1
280,23,5,WAWELET,0,1
281,23,10,WAWELET,1,1
282,23,50,WAWELET,0,1
283,23,100,WAWELET,1,1
284,23,5,ENCODER,0,1
285,23,10,ENCODER,1,1
286,23,50,ENCODER,1,1
287,23,100,ENCODER,0,1
288,24,5,STAT,0,0
289,24,10,STAT,0,0
290,24,50,STAT,1,0
291,24,100,STAT,1,0
292,24,5,WAWELET,1,0
293,24,10,WAWELET,0,0
294,24,50,WAWELET,1,0
295,24,100,WAWELET,1,0
296,24,5,ENCODER,1,0
297,24,10,ENCODER,1,0
298,24,50,ENCODER,1,0
299,24,100,ENCODER,1,0
300,25,5,STAT,0,1
301,25,10,STAT,1,1
302,25,50,STAT,0,1
303,25,100,STAT,1,1
304,25,5,WAWELET,1,1
305,25,10,WAWELET,0,1
306,25,50,WAWELET,1,1
307,25,100,WAWELET,0,1
308,25,5,ENCODER,0,1
309,25,10,ENCODER,1,1
310,25,50,ENCODER,1,1
311,25,100,ENCODER,1,1
312,26,5,STAT,1,1
313,26,10,STAT,1,1
314,26,50,STAT,1,1
315,26,100,STAT,0,1
316,26,5,WAWELET,1,1
317,26,10,WAWELET,0,1
318,26,50,WAWELET,0,1
319,26,100,WAWELET,0,1
320,26,5,ENCODER,0,1
321,26,10,ENCODER,1,1
322,26,50,ENCODER,0,1
323,26,100,ENCODER,1,1
324,27,5,STAT,0,0
325,27,10,STAT,0,0
326,27,50,STAT,0,0
327,27,100,STAT,0,0
328,27,5,WAWELET,0,0
329,27,10,WAWELET,1,0
330,27,50,WAWELET,1,0
331,27,100,WAWELET,0,0
332,27,5,ENCODER,0,0
333,27,10,ENCODER,1,0
334,27,50,ENCODER,1,0
335,27,100,ENCODER,0,0
336,28,5,STAT,0,0
337,28,10,STAT,0,0
338,28,50,STAT,0,0
339,28,100,STAT,0,0
340,28,5,WAWELET,1,0
341,28,10,WAWELET,0,0
342,28,50,WAWELET,1,0
343,28,100,WAWELET,1,0
344,28,5,ENCODER,0,0
345,28,10,ENCODER,0,0
346,28,50,ENCODER,1,0
347,28,100,ENCODER,1,0
348,29,5,STAT,0,0
349,29,10,STAT,1,0
350,29,50,STAT,0,0
351,29,100,STAT,1,0
352,29,5,WAWELET,1,0
353,29,10,WAWELET,1,0
354,29,50,WAWELET,0,0
355,29,100,WAWELET,0,0
356,29,5,ENCODER,0,0
357,29,10,ENCODER,1,0
358,29,50,ENCODER,0,0
359,29,100,ENCODER,1,0
360,30,5,STAT,1,1
361,30,10,STAT,0,1
362,30,50,STAT,0,1
363,30,100,STAT,0,1
364,30,5,WAWELET,1,1
365,30,10,WAWELET,0,1
366,30,50,WAWELET,1,1
367,30,100,WAWELET,0,1
368,30,5,ENCODER,0,1
369,30,10,ENCODER,1,1
370,30,50,ENCODER,0,1
371,30,100,ENCODER,1,1
372,31,5,STAT,0,1
373,31,10,STAT,1,1
374,31,50,STAT,0,1
375,31,100,STAT,1,1
376,31,5,WAWELET,0,1
377,31,10,WAWELET,1,1
378,31,50,WAWELET,0,1
379,31,100,WAWELET,0,1
380,31,5,ENCODER,1,1
381,31,10,ENCODER,0,1
382,31,50,ENCODER,1,1
383,31,100,ENCODER,1,1
384,32,5,STAT,1,1
385,32,10,STAT,0,1
386,32,50,STAT,0,1
387,32,100,STAT,1,1
388,32,5,WAWELET,1,1
389,32,10,WAWELET,0,1
390,32,50,WAWELET,1,1
391,32,100,WAWELET,0,1
392,32,5,ENCODER,1,1
393,32,10,ENCODER,0,1
394,32,50,ENCODER,1,1
395,32,100,ENCODER,0,1
396,33,5,STAT,1,0
397,33,10,STAT,0,0
398,33,50,STAT,1,0
399,33,100,STAT,1,0
400,33,5,WAWELET,0,0
401,33,10,WAWELET,1,0
402,33,50,WAWELET,0,0
403,33,100,WAWELET,0,0
404,33,5,ENCODER,0,0
405,33,10,ENCODER,0,0
406,33,50,ENCODER,0,0
407,33,100,ENCODER,1,0
408,34,5,STAT,1,1
409,34,10,STAT,1,1
410,34,50,STAT,1,1
411,34,100,STAT,1,1
412,34,5,WAWELET,0,1
413,34,10,WAWELET,1,1
414,34,50,WAWELET,1,1
415,34,100,WAWELET,0,1
416,34,5,ENCODER,1,1
417,34,10,ENCODER,1,1
418,34,50,ENCODER,1,1
419,34,100,ENCODER,1,1
420,35,5,STAT,1,1
421,35,10,STAT,1,1
422,35,50,STAT,1,1
423,35,100,STAT,1,1
424,35,5,WAWELET,1,1
425,35,10,WAWELET,1,1
426,35,50,WAWELET,0,1
427,35,100,WAWELET,0,1
428,35,5,ENCODER,0,1
429,35,10,ENCODER,0,1
430,35,50,ENCODER,0,1
431,35,100,ENCODER,0,1
432,36,5,STAT,0,0
433,36,10,STAT,0,0
434,36,50,STAT,1,0
435,36,100,STAT,1,0
436,36,5,WAWELET,0,0
437,36,10,WAWELET,0,0
438,36,50,WAWELET,0,0
439,36,100,WAWELET,0,0
440,36,5,ENCODER,0,0
441,36,10,ENCODER,0,0
442,36,50,ENCODER,0,0
443,36,100,ENCODER,1,0
444,37,5,STAT,1,1
445,37,10,STAT,1,1
446,37,50,STAT,0,1
447,37,100,STAT,1,1
448,37,5,WAWELET,1,1
449,37,10,WAWELET,1,1
450,37,50,WAWELET,1,1
451,37,100,WAWELET,1,1
452,37,5,ENCODER,0,1
453,37,10,ENCODER,1,1
454,37,50,ENCODER,0,1
455,37,100,ENCODER,0,1
456,38,5,STAT,1,0
457,38,10,STAT,0,0
458,38,50,STAT,0,0
459,38,100,STAT,0,0
460,38,5,WAWELET,1,0
461,38,10,WAWELET,0,0
462,38,50,WAWELET,1,0
463,38,100,WAWELET,1,0
464,38,5,ENCODER,0,0
465,38,10,ENCODER,0,0
466,38,50,ENCODER,1,0
467,38,100,ENCODER,0,0
468,39,5,STAT,0,1
469,39,10,STAT,0,1
470,39,50,STAT,1,1
471,39,100,STAT,0,1
472,39,5,WAWELET,0,1
473,39,10,WAWELET,0,1
474,39,50,WAWELET,0,1
475,39,100,WAWELET,0,1
476,39,5,ENCODER,0,1
477,39,10,ENCODER,0,1
478,39,50,ENCODER,0,1
479,39,100,ENCODER,1,1
480,40,5,STAT,1,0
481,40,10,STAT,1,0
482,40,50,STAT,1,0
483,40,100,STAT,1,0
484,40,5,WAWELET,0,0
485,40,10,WAWELET,0,0
486,40,50,WAWELET,1,0
487,40,100,WAWELET,1,0
488,40,5,ENCODER,0,0
489,40,10,ENCODER,0,0
490,40,50,ENCODER,0,0
491,40,100,ENCODER,0,0
492,41,5,STAT,1,0
493,41,10,STAT,0,0
494,41,50,STAT,1,0
495,41,100,STAT,1,0
496,41,5,WAWELET,0,0
497,41,10,WAWELET,1,0
498,41,50,WAWELET,1,0
499,41,100,WAWELET,1,0
500,41,5,ENCODER,0,0
501,41,10,ENCODER,1,0
502,41,50,ENCODER,1,0
503,41,100,ENCODER,0,0
504,42,5,STAT,0,1
505,42,10,STAT,0,1
506,42,50,STAT,0,1
507,42,100,STAT,0,1
508,42,5,WAWELET,1,1
509,42,10,WAWELET,1,1
510,42,50,WAWELET,1,1
511,42,100,WAWELET,1,1
512,42,5,ENCODER,1,1
513,42,10,ENCODER,0,1
514,42,50,ENCODER,0,1
515,42,100,ENCODER,0,1
516,43,5,STAT,1,1
517,43,10,STAT,0,1
518,43,50,STAT,1,1
519,43,100,STAT,0,1
520,43,5,WAWELET,0,1
521,43,10,WAWELET,1,1
522,43,50,WAWELET,0,1
523,43,100,WAWELET,1,1
524,43,5,ENCODER,0,1
525,43,10,ENCODER,1,1
526,43,50,ENCODER,1,1
527,43,100,ENCODER,1,1
528,44,5,STAT,0,0
529,44,10,STAT,0,0
530,44,50,STAT,0,0
531,44,100,STAT,0,0
532,44,5,WAWELET,1,0
533,44,10,WAWELET,1,0
534,44,50,WAWELET,1,0
535,44,100,WAWELET,1,0
536,44,5,ENCODER,0,0
537,44,10,ENCODER,1,0
538,44,50,ENCODER,0,0
539,44,100,ENCODER,0,0
540,45,5,STAT,0,1
541,45,10,STAT,1,1
542,45,50,STAT,1,1
543,45,100,STAT,1,1
544,45,5,WAWELET,0,1
545,45,10,WAWELET,1,1
546,45,50,WAWELET,0,1
547,45,100,WAWELET,1,1
548,45,5,ENCODER,0,1
549,45,10,ENCODER,0,1
550,45,50,ENCODER,0,1
551,45,100,ENCODER,0,1
552,46,5,STAT,1,1
553,46,10,STAT,0,1
554,46,50,STAT,0,1
555,46,100,STAT,1,1
556,46,5,WAWELET,0,1
557,46,10,WAWELET,1,1
558,46,50,WAWELET,1,1
559,46,100,WAWELET,0,1
560,46,5,ENCODER,1,1
561,46,10,ENCODER,1,1
562,46,50,ENCODER,1,1
563,46,100,ENCODER,1,1
564,47,5,STAT,0,0
565,47,10,STAT,0,0
566,47,50,STAT,1,0
567,47,100,STAT,0,0
568,47,5,WAWELET,0,0
569,47,10,WAWELET,0,0
570,47,50,WAWELET,0,0
571,47,100,WAWELET,0,0
572,47,5,ENCODER,1,0
573,47,10,ENCODER,0,0
574,47,50,ENCODER,0,0
575,47,100,ENCODER,0,0
576,48,5,STAT,1,1
577,48,10,STAT,1,1
578,48,50,STAT,0,1
579,48,100,STAT,1,1
580,48,5,WAWELET,0,1
581,48,10,WAWELET,1,1
582,48,50,WAWELET,1,1
583,48,100,WAWELET,0,1
584,48,5,ENCODER,0,1
585,48,10,ENCODER,1,1
586,48,50,ENCODER,1,1
587,48,100,ENCODER,1,1
588,49,5,STAT,1,0
589,49,10,STAT,1,0
590,49,50,STAT,1,0
591,49,100,STAT,0,0
592,49,5,WAWELET,0,0
593,49,10,WAWELET,0,0
594,49,50,WAWELET,1,0
595,49,100,WAWELET,1,0
596,49,5,ENCODER,0,0
597,49,10,ENCODER,0,0
598,49,50,ENCODER,1,0
599,49,100,ENCODER,1,0
600,50,5,STAT,0,1
601,50,10,STAT,1,1
602,50,50,STAT,1,1
603,50,100,STAT,1,1
604,50,5,WAWELET,1,1
605,50,10,WAWELET,0,1
606,50,50,WAWELET,1,1
607,50,100,WAWELET,0,1
608,50,5,ENCODER,0,1
609,50,10,ENCODER,0,1
610,50,50,ENCODER,1,1
611,50,100,ENCODER,0,1
612,51,5,STAT,1,0
613,51,10,STAT,0,0
614,51,50,STAT,1,0
615,51,100,STAT,1,0
616,51,5,WAWELET,1,0
617,51,10,WAWELET,0,0
618,51,50,WAWELET,0,0
619,51,100,WAWELET,0,0
620,51,5,ENCODER,0,0
621,51,10,ENCODER,0,0
622,51,50,ENCODER,1,0
623,51,100,ENCODER,0,0
624,52,5,STAT,1,1
625,52,10,STAT,1,1
626,52,50,STAT,1,1
627,52,100,STAT,0,1
628,52,5,WAWELET,0,1
629,52,10,WAWELET,1,1
630,52,50,WAWELET,0,1
631,52,100,WAWELET,1,1
632,52,5,ENCODER,1,1
633,52,10,ENCODER,1,1
634,52,50,ENCODER,1,1
635,52,100,ENCODER,0,1
636,53,5,STAT,1,0
637,53,10,STAT,0,0
638,53,50,STAT,1,0
639,53,100,STAT,0,0
640,53,5,WAWELET,1,0
641,53,10,WAWELET,1,0
642,53,50,WAWELET,0,0
643,53,100,WAWELET,0,0
644,53,5,ENCODER,0,0
645,53,10,ENCODER,1,0
646,53,50,ENCODER,0,0
647,53,100,ENCODER,0,0
648,54,5,STAT,1,0
649,54,10,STAT,1,0
650,54,50,STAT,1,0
651,54,100,STAT,1,0
652,54,5,WAWELET,0,0
653,54,10,WAWELET,1,0
654,54,50,WAWELET,0,0
655,54,100,WAWELET,1,0
656,54,5,ENCODER,1,0
657,54,10,ENCODER,1,0
658,54,50,ENCODER,1,0
659,54,100,ENCODER,1,0
660,55,5,STAT,1,1
661,55,10,STAT,1,1
662,55,50,STAT,0,1
663,55,100,STAT,0,1
664,55,5,WAWELET,1,1
665,55,10,WAWELET,0,1
666,55,50,WAWELET,1,1
667,55,100,WAWELET,0,1
668,55,5,ENCODER,1,1
669,55,10,ENCODER,0,1
670,55,50,ENCODER,0,1
671,55,100,ENCODER,1,1
672,56,5,STAT,0,0
673,56,10,STAT,0,0
674,56,50,STAT,1,0
675,56,100,STAT,1,0
676,56,5,WAWELET,0,0
677,56,10,WAWELET,0,0
678,56,50,WAWELET,1,0
679,56,100,WAWELET,1,0
680,56,5,ENCODER,0,0
681,56,10,ENCODER,0,0
682,56,50,ENCODER,1,0
683,56,100,ENCODER,1,0
684,57,5,STAT,0,1
685,57,10,STAT,1,1
686,57,50,STAT,1,1
687,57,100,STAT,1,1
688,57,5,WAWELET,1,1
689,57,10,WAWELET,0,1
690,57,50,WAWELET,0,1
691,57,100,WAWELET,1,1
692,57,5,ENCODER,1,1
693,57,10,ENCODER,0,1
694,57,50,ENCODER,0,1
695,57,100,ENCODER,1,1
696,58,5,STAT,0,1
697,58,10,STAT,1,1
698,58,50,STAT,0,1
699,58,100,STAT,1,1
700,58,5,WAWELET,0,1
701,58,10,WAWELET,1,1
702,58,50,WAWELET,1,1
703,58,100,WAWELET,1,1
704,58,5,ENCODER,1,1
705,58,10,ENCODER,1,1
706,58,50,ENCODER,0,1
707,58,100,ENCODER,1,1
708,59,5,STAT,0,0
709,59,10,STAT,0,0
710,59,50,STAT,1,0
711,59,100,STAT,1,0
712,59,5,WAWELET,1,0
713,59,10,WAWELET,1,0
714,59,50,WAWELET,1,0
715,59,100,WAWELET,1,0
716,59,5,ENCODER,1,0
717,59,10,ENCODER,0,0
718,59,50,ENCODER,0,0
719,59,100,ENCODER,1,0
720,60,5,STAT,1,0
721,60,10,STAT,1,0
722,60,50,STAT,0,0
723,60,100,STAT,0,0
724,60,5,WAWELET,0,0
725,60,10,WAWELET,0,0
726,60,50,WAWELET,1,0
727,60,100,WAWELET,1,0
728,60,5,ENCODER,0,0
729,60,10,ENCODER,1,0
730,60,50,ENCODER,0,0
731,60,100,ENCODER,0,0
732,61,5,STAT,0,1
733,61,10,STAT,1,1
734,61,50,STAT,0,1
735,61,100,STAT,1,1
736,61,5,WAWELET,0,1
737,61,10,WAWELET,0,1
738,61,50,WAWELET,1,1
739,61,100,WAWELET,1,1
740,61,5,ENCODER,1,1
741,61,10,ENCODER,1,1
742,61,50,ENCODER,1,1
743,61,100,ENCODER,0,1
744,62,5,STAT,0,1
745,62,10,STAT,0,1
746,62,50,STAT,0,1
747,62,100,STAT,0,1
748,62,5,WAWELET,1,1
749,62,10,WAWELET,0,1
750,62,50,WAWELET,1,1
751,62,100,WAWELET,1,1
752,62,5,ENCODER,1,1
753,62,10,ENCODER,0,1
754,62,50,ENCODER,1,1
755,62,100,ENCODER,0,1
756,63,5,STAT,0,0
757,63,10,STAT,0,0
758,63,50,STAT,0,0
759,63,100,STAT,1,0
760,63,5,WAWELET,1,0
761,63,10,WAWELET,0,0
762,63,50,WAWELET,0,0
763,63,100,WAWELET,0,0
764,63,5,ENCODER,0,0
765,63,10,ENCODER,1,0
766,63,50,ENCODER,1,0
767,63,100,ENCODER,0,0
768,64,5,STAT,0,0
769,64,10,STAT,0,0
770,64,50,STAT,1,0
771,64,100,STAT,0,0
772,64,5,WAWELET,0,0
773,64,10,WAWELET,1,0
774,64,50,WAWELET,0,0
775,64,100,WAWELET,1,0
776,64,5,ENCODER,0,0
777,64,10,ENCODER,0,0
778,64,50,ENCODER,1,0
779,64,100,ENCODER,0,0
780,65,5,STAT,1,1
781,65,10,STAT,1,1
782,65,50,STAT,1,1
783,65,100,STAT,0,1
784,65,5,WAWELET,0,1
785,65,10,WAWELET,0,1
786,65,50,WAWELET,1,1
787,65,100,WAWELET,0,1
788,65,5,ENCODER,1,1
789,65,10,ENCODER,1,1
790,65,50,ENCODER,1,1
791,65,100,ENCODER,0,1
792,66,5,STAT,1,1
793,66,10,STAT,1,1
794,66,50,STAT,1,1
795,66,100,STAT,0,1
796,66,5,WAWELET,1,1
797,66,10,WAWELET,1,1
798,66,50,WAWELET,1,1
799,66,100,WAWELET,1,1
800,66,5,ENCODER,0,1
801,66,10,ENCODER,0,1
802,66,50,ENCODER,1,1
803,66,100,ENCODER,0,1
804,67,5,STAT,0,1
805,67,10,STAT,1,1
806,67,50,STAT,0,1
807,67,100,STAT,0,1
808,67,5,WAWELET,0,1
809,67,10,WAWELET,0,1
810,67,50,WAWELET,0,1
811,67,100,WAWELET,1,1
812,67,5,ENCODER,0,1
813,67,10,ENCODER,0,1
814,67,50,ENCODER,1,1
815,67,100,ENCODER,0,1
816,68,5,STAT,0,1
817,68,10,STAT,1,1
818,68,50,STAT,1,1
819,68,100,STAT,0,1
820,68,5,WAWELET,1,1
821,68,10,WAWELET,1,1
822,68,50,WAWELET,0,1
823,68,100,WAWELET,0,1
824,68,5,ENCODER,0,1
825,68,10,ENCODER,1,1
826,68,50,ENCODER,0,1
827,68,100,ENCODER,1,1
828,69,5,STAT,0,0
829,69,10,STAT,0,0
830,69,50,STAT,0,0
831,69,100,STAT,0,0
832,69,5,WAWELET,0,0
833,69,10,WAWELET,1,0
834,69,50,WAWELET,1,0
835,69,100,WAWELET,0,0
836,69,5,ENCODER,1,0
837,69,10,ENCODER,1,0
838,69,50,ENCODER,1,0
839,69,100,ENCODER,0,0
840,70,5,STAT,0,1
841,70,10,STAT,0,1
842,70,50,STAT,0,1
843,70,100,STAT,0,1
844,70,5,WAWELET,0,1
845,70,10,WAWELET,1,1
846,70,50,WAWELET,0,1
847,70,100,WAWELET,0,1
848,70,5,ENCODER,1,1
849,70,10,ENCODER,1,1
850,70,50,ENCODER,1,1
851,70,100,ENCODER,1,1
852,71,5,STAT,0,1
853,71,10,STAT,0,1
854,71,50,STAT,1,1
855,71,100,STAT,0,1
856,71,5,WAWELET,0,1
857,71,10,WAWELET,0,1
858,71,50,WAWELET,0,1
859,71,100,WAWELET,1,1
860,71,5,ENCODER,0,1
861,71,10,ENCODER,0,1
862,71,50,ENCODER,0,1
863,71,100,ENCODER,0,1
864,72,5,STAT,0,0
865,72,10,STAT,0,0
866,72,50,STAT,0,0
867,72,100,STAT,1,0
868,72,5,WAWELET,1,0
869,72,10,WAWELET,1,0
870,72,50,WAWELET,1,0
871,72,100,WAWELET,0,0
872,72,5,ENCODER,0,0
873,72,10,ENCODER,1,0
874,72,50,ENCODER,1,0
875,72,100,ENCODER,0,0
876,73,5,STAT,0,1
877,73,10,STAT,1,1
878,73,50,STAT,0,1
879,73,100,STAT,1,1
880,73,5,WAWELET,1,1
881,73,10,WAWELET,0,1
882,73,50,WAWELET,1,1
883,73,100,WAWELET,0,1
884,73,5,ENCODER,0,1
885,73,10,ENCODER,1,1
886,73,50,ENCODER,1,1
887,73,100,ENCODER,1,1
888,74,5,STAT,0,1
889,74,10,STAT,1,1
890,74,50,STAT,0,1
891,74,100,STAT,0,1
892,74,5,WAWELET,0,1
893,74,10,WAWELET,1,1
894,74,50,WAWELET,0,1
895,74,100,WAWELET,1,1
896,74,5,ENCODER,1,1
897,74,10,ENCODER,0,1
898,74,50,ENCODER,0,1
899,74,100,ENCODER,1,1
900,75,5,STAT,1,1
901,75,10,STAT,0,1
902,75,50,STAT,1,1
903,75,100,STAT,0,1
904,75,5,WAWELET,0,1
905,75,10,WAWELET,0,1
906,75,50,WAWELET,0,1
907,75,100,WAWELET,0,1
908,75,5,ENCODER,0,1
909,75,10,ENCODER,1,1
910,75,50,ENCODER,0,1
911,75,100,ENCODER,1,1
912,76,5,STAT,1,1
913,76,10,STAT,0,1
914,76,50,STAT,1,1
915,76,100,STAT,1,1
916,76,5,WAWELET,0,1
917,76,10,WAWELET,0,1
918,76,50,WAWELET,1,1
919,76,100,WAWELET,1,1
920,76,5,ENCODER,0,1
921,76,10,ENCODER,1,1
922,76,50,ENCODER,0,1
923,76,100,ENCODER,1,1
924,77,5,STAT,0,1
925,77,10,STAT,1,1
926,77,50,STAT,1,1
927,77,100,STAT,0,1
928,77,5,WAWELET,0,1
929,77,10,WAWELET,1,1
930,77,50,WAWELET,0,1
931,77,100,WAWELET,0,1
932,77,5,ENCODER,0,1
933,77,10,ENCODER,1,1
934,77,50,ENCODER,0,1
935,77,100,ENCODER,0,1
936,78,5,STAT,0,1
937,78,10,STAT,1,1
938,78,50,STAT,0,1
939,78,100,STAT,1,1
940,78,5,WAWELET,1,1
941,78,10,WAWELET,0,1
942,78,50,WAWELET,0,1
943,78,100,WAWELET,0,1
944,78,5,ENCODER,0,1
945,78,10,ENCODER,0,1
946,78,50,ENCODER,0,1
947,78,100,ENCODER,1,1
948,79,5,STAT,1,1
949,79,10,STAT,1,1
950,79,50,STAT,0,1
951,79,100,STAT,0,1
952,79,5,WAWELET,1,1
953,79,10,WAWELET,0,1
954,79,50,WAWELET,0,1
955,79,100,WAWELET,0,1
956,79,5,ENCODER,0,1
957,79,10,ENCODER,0,1
958,79,50,ENCODER,0,1
959,79,100,ENCODER,1,1
960,80,5,STAT,0,0
961,80,10,STAT,1,0
962,80,50,STAT,1,0
963,80,100,STAT,1,0
964,80,5,WAWELET,0,0
965,80,10,WAWELET,0,0
966,80,50,WAWELET,1,0
967,80,100,WAWELET,0,0
968,80,5,ENCODER,1,0
969,80,10,ENCODER,0,0
970,80,50,ENCODER,0,0
971,80,100,ENCODER,0,0
972,81,5,STAT,0,1
973,81,10,STAT,0,1
974,81,50,STAT,1,1
975,81,100,STAT,1,1
976,81,5,WAWELET,1,1
977,81,10,WAWELET,0,1
978,81,50,WAWELET,0,1
979,81,100,WAWELET,1,1
980,81,5,ENCODER,1,1
981,81,10,ENCODER,1,1
982,81,50,ENCODER,0,1
983,81,100,ENCODER,1,1
984,82,5,STAT,0,0
985,82,10,STAT,0,0
986,82,50,STAT,0,0
987,82,100,STAT,1,0
988,82,5,WAWELET,1,0
989,82,10,WAWELET,0,0
990,82,50,WAWELET,0,0
991,82,100,WAWELET,0,0
992,82,5,ENCODER,1,0
993,82,10,ENCODER,1,0
994,82,50,ENCODER,1,0
995,82,100,ENCODER,1,0
996,83,5,STAT,0,0
997,83,10,STAT,0,0
998,83,50,STAT,0,0
999,83,100,STAT,0,0
1000,83,5,WAWELET,0,0
1001,83,10,WAWELET,1,0
1002,83,50,WAWELET,0,0
1003,83,100,WAWELET,1,0
1004,83,5,ENCODER,0,0
1005,83,10,ENCODER,0,0
1006,83,50,ENCODER,0,0
1007,83,100,ENCODER,1,0
1008,84,5,STAT,1,0
1009,84,10,STAT,1,0
1010,84,50,STAT,0,0
1011,84,100,STAT,1,0
1012,84,5,WAWELET,0,0
1013,84,10,WAWELET,0,0
1014,84,50,WAWELET,1,0
1015,84,100,WAWELET,0,0
1016,84,5,ENCODER,0,0
1017,84,10,ENCODER,1,0
1018,84,50,ENCODER,0,0
1019,84,100,ENCODER,1,0
1020,85,5,STAT,0,0
1021,85,10,STAT,0,0
1022,85,50,STAT,1,0
1023,85,100,STAT,1,0
1024,85,5,WAWELET,1,0
1025,85,10,WAWELET,1,0
1026,85,50,WAWELET,0,0
1027,85,100,WAWELET,0,0
1028,85,5,ENCODER,1,0
1029,85,10,ENCODER,0,0
1030,85,50,ENCODER,0,0
1031,85,100,ENCODER,0,0
1032,86,5,STAT,1,1
1033,86,10,STAT,1,1
1034,86,50,STAT,1,1
1035,86,100,STAT,0,1
1036,86,5,WAWELET,1,1
1037,86,10,WAWELET,1,1
1038,86,50,WAWELET,0,1
1039,86,100,WAWELET,0,1
1040,86,5,ENCODER,0,1
1041,86,10,ENCODER,0,1
1042,86,50,ENCODER,0,1
1043,86,100,ENCODER,1,1
1044,87,5,STAT,1,1
1045,87,10,STAT,1,1
1046,87,50,STAT,1,1
1047,87,100,STAT,0,1
1048,87,5,WAWELET,1,1
1049,87,10,WAWELET,0,1
1050,87,50,WAWELET,1,1
1051,87,100,WAWELET,0,1
1052,87,5,ENCODER,1,1
1053,87,10,ENCODER,0,1
1054,87,50,ENCODER,0,1
1055,87,100,ENCODER,0,1
1056,88,5,STAT,1,1
1057,88,10,STAT,1,1
1058,88,50,STAT,0,1
1059,88,100,STAT,1,1
1060,88,5,WAWELET,1,1
1061,88,10,WAWELET,1,1
1062,88,50,WAWELET,0,1
1063,88,100,WAWELET,1,1
1064,88,5,ENCODER,0,1
1065,88,10,ENCODER,0,1
1066,88,50,ENCODER,0,1
1067,88,100,ENCODER,0,1
1068,89,5,STAT,1,0
1069,89,10,STAT,1,0
1070,89,50,STAT,0,0
1071,89,100,STAT,1,0
1072,89,5,WAWELET,1,0
1073,89,10,WAWELET,1,0
1074,89,50,WAWELET,1,0
1075,89,100,WAWELET,1,0
1076,89,5,ENCODER,0,0
1077,89,10,ENCODER,0,0
1078,89,50,ENCODER,0,0
1079,89,100,ENCODER,0,0
1080,90,5,STAT,1,0
1081,90,10,STAT,1,0
1082,90,50,STAT,0,0
1083,90,100,STAT,0,0
1084,90,5,WAWELET,0,0
1085,90,10,WAWELET,1,0
1086,90,50,WAWELET,1,0
1087,90,100,WAWELET,1,0
1088,90,5,ENCODER,1,0
1089,90,10,ENCODER,0,0
1090,90,50,ENCODER,1,0
1091,90,100,ENCODER,1,0
1092,91,5,STAT,0,1
1093,91,10,STAT,1,1
1094,91,50,STAT,0,1
1095,91,100,STAT,0,1
1096,91,5,WAWELET,1,1
1097,91,10,WAWELET,0,1
1098,91,50,WAWELET,0,1
1099,91,100,WAWELET,1,1
1100,91,5,ENCODER,1,1
1101,91,10,ENCODER,0,1
1102,91,50,ENCODER,0,1
1103,91,100,ENCODER,0,1
1104,92,5,STAT,1,0
1105,92,10,STAT,1,0
1106,92,50,STAT,1,0
1107,92,100,STAT,1,0
1108,92,5,WAWELET,1,0
1109,92,10,WAWELET,0,0
1110,92,50,WAWELET,0,0
1111,92,100,WAWELET,0,0
1112,92,5,ENCODER,0,0
1113,92,10,ENCODER,1,0
1114,92,50,ENCODER,1,0
1115,92,100,ENCODER,1,0
1116,93,5,STAT,0,1
1117,93,10,STAT,1,1
1118,93,50,STAT,1,1
1119,93,100,STAT,1,1
1120,93,5,WAWELET,1,1
1121,93,10,WAWELET,1,1
1122,93,50,WAWELET,1,1
1123,93,100,WAWELET,1,1
1124,93,5,ENCODER,1,1
1125,93,10,ENCODER,1,1
1126,93,50,ENCODER,1,1
1127,93,100,ENCODER,1,1
1128,94,5,STAT,1,1
1129,94,10,STAT,1,1
1130,94,50,STAT,1,1
1131,94,100,STAT,1,1
1132,94,5,WAWELET,1,1
1133,94,10,WAWELET,0,1
1134,94,50,WAWELET,1,1
1135,94,100,WAWELET,0,1
1136,94,5,ENCODER,1,1
1137,94,10,ENCODER,0,1
1138,94,50,ENCODER,1,1
1139,94,100,ENCODER,0,1
1140,95,5,STAT,1,1
1141,95,10,STAT,1,1
1142,95,50,STAT,1,1
1143,95,100,STAT,1,1
1144,95,5,WAWELET,0,1
1145,95,10,WAWELET,0,1
1146,95,50,WAWELET,0,1
1147,95,100,WAWELET,0,1
1148,95,5,ENCODER,1,1
1149,95,10,ENCODER,0,1
1150,95,50,ENCODER,0,1
1151,95,100,ENCODER,1,1
1152,96,5,STAT,0,0
1153,96,10,STAT,1,0
1154,96,50,STAT,0,0
1155,96,100,STAT,0,0
1156,96,5,WAWELET,1,0
1157,96,10,WAWELET,0,0
1158,96,50,WAWELET,0,0
1159,96,100,WAWELET,1,0
1160,96,5,ENCODER,0,0
1161,96,10,ENCODER,0,0
1162,96,50,ENCODER,1,0
1163,96,100,ENCODER,1,0
1164,97,5,STAT,1,0
1165,97,10,STAT,1,0
1166,97,50,STAT,0,0
1167,97,100,STAT,0,0
1168,97,5,WAWELET,1,0
1169,97,10,WAWELET,1,0
1170,97,50,WAWELET,1,0
1171,97,100,WAWELET,0,0
1172,97,5,ENCODER,0,0
1173,97,10,ENCODER,0,0
1174,97,50,ENCODER,1,0
1175,97,100,ENCODER,1,0
1176,98,5,STAT,0,0
1177,98,10,STAT,0,0
1178,98,50,STAT,0,0
1179,98,100,STAT,0,0
1180,98,5,WAWELET,0,0
1181,98,10,WAWELET,1,0
1182,98,50,WAWELET,0,0
1183,98,100,WAWELET,1,0
1184,98,5,ENCODER,1,0
1185,98,10,ENCODER,1,0
1186,98,50,ENCODER,1,0
1187,98,100,ENCODER,0,0
1188,99,5,STAT,1,1
1189,99,10,STAT,1,1
1190,99,50,STAT,1,1
1191,99,100,STAT,0,1
1192,99,5,WAWELET,0,1
1193,99,10,WAWELET,0,1
1194,99,50,WAWELET,1,1
1195,99,100,WAWELET,0,1
1196,99,5,ENCODER,1,1
1197,99,10,ENCODER,0,1
1198,99,50,ENCODER,0,1
1199,99,100,ENCODER,0,1
